{
    "arch1_taskA": {
        "batch_norm_0": 7.721951988869115e-07,
        "batch_norm_1": 2.180155442434395e-06,
        "batch_norm_2": 4.35400902509891e-06,
        "batch_norm_3": 9.663577649529144e-06,
        "batch_norm_4": 7.037957926197431e-06,
        "batch_norm_5": 8.04823966794683e-06,
        "batch_norm_6": 9.601534802363368e-05
    },
    "arch1_taskR": {
        "batch_norm_0": 4.5313309082274834e-06,
        "batch_norm_1": 2.2921854969402775e-06,
        "batch_norm_2": 9.444441099113525e-07,
        "batch_norm_3": 4.3454074465209316e-07,
        "batch_norm_4": 4.744116803227874e-07,
        "batch_norm_5": 7.252991823836001e-07,
        "batch_norm_6": 7.048356282228414e-07
    },
    "arch1_taskW": {
        "batch_norm_0": 8.148634005683363e-07,
        "batch_norm_1": 2.655124304882748e-06,
        "batch_norm_2": 5.720402614649923e-06,
        "batch_norm_3": 1.7785463446355866e-05,
        "batch_norm_4": 1.1564212308251202e-05,
        "batch_norm_5": 1.3680587713195843e-05,
        "batch_norm_6": 0.00012747735009257673
    },
    "arch2_taskA": {
        "batch_norm_0": 1.2787083010970974e-05,
        "batch_norm_1": 3.872243390175745e-06,
        "batch_norm_2": 4.0916914026823114e-05,
        "batch_norm_3": 1.0983149329860448e-05,
        "batch_norm_4": 1.6411619372836008e-05,
        "batch_norm_5": 1.9605537700159232e-05,
        "batch_norm_6": 8.89673192136142e-05,
        "batch_norm_7": 0.00015303936142223106
    },
    "arch2_taskR": {
        "batch_norm_0": 0.0009033044077854935,
        "batch_norm_1": 0.001985916145766335,
        "batch_norm_2": 0.04740769988747281,
        "batch_norm_3": 0.049138172254876385,
        "batch_norm_4": 0.09488066449971078,
        "batch_norm_5": 0.14831164137971978,
        "batch_norm_6": 0.8964458129175272,
        "batch_norm_7": 2.0977237380635794
    },
    "arch2_taskW": {
        "batch_norm_0": 1.7039983238137272e-05,
        "batch_norm_1": 4.049126793732267e-06,
        "batch_norm_2": 5.5138894571540054e-05,
        "batch_norm_3": 1.5994307965068624e-05,
        "batch_norm_4": 2.3465571033206468e-05,
        "batch_norm_5": 2.6932619594160208e-05,
        "batch_norm_6": 9.091449999742952e-05,
        "batch_norm_7": 0.0001247474154084437
    },
    "arch3_taskA": {
        "batch_norm_0": 9.367178190155468e-07,
        "batch_norm_1": 4.047365064236076e-06,
        "batch_norm_2": 3.221161721690842e-06,
        "batch_norm_3": 1.6302867318651998e-06,
        "batch_norm_4": 3.209753982180463e-06,
        "batch_norm_5": 7.648978449406465e-06,
        "batch_norm_6": 9.518763618955694e-06,
        "batch_norm_7": 0.0001503918748524232
    },
    "arch3_taskR": {
        "batch_norm_0": 8.944401019583153e-05,
        "batch_norm_1": 0.0015361094702168968,
        "batch_norm_2": 0.005594106590352144,
        "batch_norm_3": 0.004969826705029876,
        "batch_norm_4": 0.012617730321076999,
        "batch_norm_5": 0.04534875913067663,
        "batch_norm_6": 0.0649332731409872,
        "batch_norm_7": 0.19110162724547713
    },
    "arch3_taskW": {
        "batch_norm_0": 8.376852943496161e-07,
        "batch_norm_1": 4.130054862512673e-06,
        "batch_norm_2": 4.30953902070214e-06,
        "batch_norm_3": 2.510501905339445e-06,
        "batch_norm_4": 5.482680435228746e-06,
        "batch_norm_5": 1.2116750065352435e-05,
        "batch_norm_6": 1.3421245766398092e-05,
        "batch_norm_7": 0.0001430609287507201
    }
}